url_path,views_total,views_unique
/EarthSciML/WildlandFire.jl,9,2
/EarthSciML/WildlandFire.jl/pulls,5,1
/EarthSciML/WildlandFire.jl/pull/15,2,1
/EarthSciML/WildlandFire.jl/actions/runs/21555281766,1,1
/EarthSciML/WildlandFire.jl/actions/runs/21555281766/job/62110360880,1,1
/EarthSciML/WildlandFire.jl/actions/runs/21555281766/job/62110360888,1,1
/EarthSciML/WildlandFire.jl/commits/main,1,1
/EarthSciML/WildlandFire.jl/pull/20,1,1
/EarthSciML/WildlandFire.jl/pull/21,1,1
/EarthSciML/WildlandFire.jl/pull/22,1,1
